{
    "Computer Vision": {
        "name": "Computer Vision",
        "url": "https://scholar.google.com/citations?view_op=search_authors&hl=ko&mauthors=label:computer_vision"
    },
    "computational materials science": {
        "name": "computational materials science",
        "url": "https://scholar.google.com/citations?view_op=search_authors&hl=ko&mauthors=label:computational_materials_science"
    },
    "computational nano-mechanics": {
        "name": "computational nano-mechanics",
        "url": "https://scholar.google.com/citations?view_op=search_authors&hl=ko&mauthors=label:computational_nano_mechanics"
    },
    "molecular dynamics": {
        "name": "molecular dynamics",
        "url": "https://scholar.google.com/citations?view_op=search_authors&hl=ko&mauthors=label:molecular_dynamics"
    },
    "density functional theory": {
        "name": "density functional theory",
        "url": "https://scholar.google.com/citations?view_op=search_authors&hl=ko&mauthors=label:density_functional_theory"
    },
    "li ion batteries": {
        "name": "li ion batteries",
        "url": "https://scholar.google.com/citations?view_op=search_authors&hl=ko&mauthors=label:li_ion_batteries"
    },
    "Machine Learning": {
        "name": "Machine Learning",
        "url": "https://scholar.google.com/citations?view_op=search_authors&hl=ko&mauthors=label:machine_learning"
    },
    "AI": {
        "name": "AI",
        "url": "https://scholar.google.com/citations?view_op=search_authors&hl=ko&mauthors=label:ai"
    },
    "machine learning": {
        "name": "machine learning",
        "url": "https://scholar.google.com/citations?view_op=search_authors&hl=ko&mauthors=label:machine_learning"
    },
    "computer vision": {
        "name": "computer vision",
        "url": "https://scholar.google.com/citations?view_op=search_authors&hl=ko&mauthors=label:computer_vision"
    },
    "robotics": {
        "name": "robotics",
        "url": "https://scholar.google.com/citations?view_op=search_authors&hl=ko&mauthors=label:robotics"
    },
    "image compression": {
        "name": "image compression",
        "url": "https://scholar.google.com/citations?view_op=search_authors&hl=ko&mauthors=label:image_compression"
    },
    "Deep Learning": {
        "name": "Deep Learning",
        "url": "https://scholar.google.com/citations?view_op=search_authors&hl=ko&mauthors=label:deep_learning"
    },
    "Autonomous Driving": {
        "name": "Autonomous Driving",
        "url": "https://scholar.google.com/citations?view_op=search_authors&hl=ko&mauthors=label:autonomous_driving"
    },
    "Neural Network Architectures": {
        "name": "Neural Network Architectures",
        "url": "https://scholar.google.com/citations?view_op=search_authors&hl=ko&mauthors=label:neural_network_architectures"
    },
    "Efficient Deep Learning": {
        "name": "Efficient Deep Learning",
        "url": "https://scholar.google.com/citations?view_op=search_authors&hl=ko&mauthors=label:efficient_deep_learning"
    },
    "Biomaterials": {
        "name": "Biomaterials",
        "url": "https://scholar.google.com/citations?view_op=search_authors&hl=ko&mauthors=label:biomaterials"
    },
    "Surface modification of metals": {
        "name": "Surface modification of metals",
        "url": "https://scholar.google.com/citations?view_op=search_authors&hl=ko&mauthors=label:surface_modification_of_metals"
    },
    "Cardiovascular disease": {
        "name": "Cardiovascular disease",
        "url": "https://scholar.google.com/citations?view_op=search_authors&hl=ko&mauthors=label:cardiovascular_disease"
    },
    "Biometrics": {
        "name": "Biometrics",
        "url": "https://scholar.google.com/citations?view_op=search_authors&hl=ko&mauthors=label:biometrics"
    },
    "Computer vision": {
        "name": "Computer vision",
        "url": "https://scholar.google.com/citations?view_op=search_authors&hl=ko&mauthors=label:computer_vision"
    },
    "Pattern recognition": {
        "name": "Pattern recognition",
        "url": "https://scholar.google.com/citations?view_op=search_authors&hl=ko&mauthors=label:pattern_recognition"
    },
    "Machine learning": {
        "name": "Machine learning",
        "url": "https://scholar.google.com/citations?view_op=search_authors&hl=ko&mauthors=label:machine_learning"
    },
    "Image processing": {
        "name": "Image processing",
        "url": "https://scholar.google.com/citations?view_op=search_authors&hl=ko&mauthors=label:image_processing"
    },
    "Artificial Intelligence": {
        "name": "Artificial Intelligence",
        "url": "https://scholar.google.com/citations?view_op=search_authors&hl=ko&mauthors=label:artificial_intelligence"
    },
    "Neuroscience": {
        "name": "Neuroscience",
        "url": "https://scholar.google.com/citations?view_op=search_authors&hl=ko&mauthors=label:neuroscience"
    },
    "artificial intelligence": {
        "name": "artificial intelligence",
        "url": "https://scholar.google.com/citations?view_op=search_authors&hl=ko&mauthors=label:artificial_intelligence"
    },
    "computer graphics": {
        "name": "computer graphics",
        "url": "https://scholar.google.com/citations?view_op=search_authors&hl=ko&mauthors=label:computer_graphics"
    },
    "autonomous cars": {
        "name": "autonomous cars",
        "url": "https://scholar.google.com/citations?view_op=search_authors&hl=ko&mauthors=label:autonomous_cars"
    },
    "cultural heritage": {
        "name": "cultural heritage",
        "url": "https://scholar.google.com/citations?view_op=search_authors&hl=ko&mauthors=label:cultural_heritage"
    },
    "deep learning": {
        "name": "deep learning",
        "url": "https://scholar.google.com/citations?view_op=search_authors&hl=ko&mauthors=label:deep_learning"
    },
    "image processing": {
        "name": "image processing",
        "url": "https://scholar.google.com/citations?view_op=search_authors&hl=ko&mauthors=label:image_processing"
    },
    "medical imaging": {
        "name": "medical imaging",
        "url": "https://scholar.google.com/citations?view_op=search_authors&hl=ko&mauthors=label:medical_imaging"
    },
    "and graphics": {
        "name": "and graphics",
        "url": "https://scholar.google.com/citations?view_op=search_authors&hl=ko&mauthors=label:and_graphics"
    },
    "natural language processing": {
        "name": "natural language processing",
        "url": "https://scholar.google.com/citations?view_op=search_authors&hl=ko&mauthors=label:natural_language_processing"
    },
    "Image Processing": {
        "name": "Image Processing",
        "url": "https://scholar.google.com/citations?view_op=search_authors&hl=ko&mauthors=label:image_processing"
    },
    "Pattern Recognition": {
        "name": "Pattern Recognition",
        "url": "https://scholar.google.com/citations?view_op=search_authors&hl=ko&mauthors=label:pattern_recognition"
    },
    "Multimedia": {
        "name": "Multimedia",
        "url": "https://scholar.google.com/citations?view_op=search_authors&hl=ko&mauthors=label:multimedia"
    },
    "Robotics": {
        "name": "Robotics",
        "url": "https://scholar.google.com/citations?view_op=search_authors&hl=ko&mauthors=label:robotics"
    },
    "Speech Recognition": {
        "name": "Speech Recognition",
        "url": "https://scholar.google.com/citations?view_op=search_authors&hl=ko&mauthors=label:speech_recognition"
    },
    "Partial Differential Equations": {
        "name": "Partial Differential Equations",
        "url": "https://scholar.google.com/citations?view_op=search_authors&hl=ko&mauthors=label:partial_differential_equations"
    },
    "Medical Imaging": {
        "name": "Medical Imaging",
        "url": "https://scholar.google.com/citations?view_op=search_authors&hl=ko&mauthors=label:medical_imaging"
    },
    "geometric computing": {
        "name": "geometric computing",
        "url": "https://scholar.google.com/citations?view_op=search_authors&hl=ko&mauthors=label:geometric_computing"
    },
    "computational photography": {
        "name": "computational photography",
        "url": "https://scholar.google.com/citations?view_op=search_authors&hl=ko&mauthors=label:computational_photography"
    },
    "vision": {
        "name": "vision",
        "url": "https://scholar.google.com/citations?view_op=search_authors&hl=ko&mauthors=label:vision"
    },
    "Integrated circuits": {
        "name": "Integrated circuits",
        "url": "https://scholar.google.com/citations?view_op=search_authors&hl=ko&mauthors=label:integrated_circuits"
    },
    "Analog and Mixed Signal": {
        "name": "Analog and Mixed Signal",
        "url": "https://scholar.google.com/citations?view_op=search_authors&hl=ko&mauthors=label:analog_and_mixed_signal"
    },
    "RF circuits": {
        "name": "RF circuits",
        "url": "https://scholar.google.com/citations?view_op=search_authors&hl=ko&mauthors=label:rf_circuits"
    },
    "Low power": {
        "name": "Low power",
        "url": "https://scholar.google.com/citations?view_op=search_authors&hl=ko&mauthors=label:low_power"
    },
    "Wireless Sensor Networks": {
        "name": "Wireless Sensor Networks",
        "url": "https://scholar.google.com/citations?view_op=search_authors&hl=ko&mauthors=label:wireless_sensor_networks"
    },
    "Image Analysis": {
        "name": "Image Analysis",
        "url": "https://scholar.google.com/citations?view_op=search_authors&hl=ko&mauthors=label:image_analysis"
    },
    "Biomedical Applications": {
        "name": "Biomedical Applications",
        "url": "https://scholar.google.com/citations?view_op=search_authors&hl=ko&mauthors=label:biomedical_applications"
    },
    "Particle Physics": {
        "name": "Particle Physics",
        "url": "https://scholar.google.com/citations?view_op=search_authors&hl=ko&mauthors=label:particle_physics"
    },
    "graphics": {
        "name": "graphics",
        "url": "https://scholar.google.com/citations?view_op=search_authors&hl=ko&mauthors=label:graphics"
    },
    "prediction": {
        "name": "prediction",
        "url": "https://scholar.google.com/citations?view_op=search_authors&hl=ko&mauthors=label:prediction"
    },
    "Computational Models of Mind and Brain": {
        "name": "Computational Models of Mind and Brain",
        "url": "https://scholar.google.com/citations?view_op=search_authors&hl=ko&mauthors=label:computational_models_of_mind_and_brain"
    },
    "Natural Language Processing": {
        "name": "Natural Language Processing",
        "url": "https://scholar.google.com/citations?view_op=search_authors&hl=ko&mauthors=label:natural_language_processing"
    },
    "psychometrics": {
        "name": "psychometrics",
        "url": "https://scholar.google.com/citations?view_op=search_authors&hl=ko&mauthors=label:psychometrics"
    },
    "performance appraisal": {
        "name": "performance appraisal",
        "url": "https://scholar.google.com/citations?view_op=search_authors&hl=ko&mauthors=label:performance_appraisal"
    },
    "personnel assessment": {
        "name": "personnel assessment",
        "url": "https://scholar.google.com/citations?view_op=search_authors&hl=ko&mauthors=label:personnel_assessment"
    },
    "statistics": {
        "name": "statistics",
        "url": "https://scholar.google.com/citations?view_op=search_authors&hl=ko&mauthors=label:statistics"
    },
    "Deep learning": {
        "name": "Deep learning",
        "url": "https://scholar.google.com/citations?view_op=search_authors&hl=ko&mauthors=label:deep_learning"
    },
    "reinforcement learning": {
        "name": "reinforcement learning",
        "url": "https://scholar.google.com/citations?view_op=search_authors&hl=ko&mauthors=label:reinforcement_learning"
    },
    "Information Retrieval": {
        "name": "Information Retrieval",
        "url": "https://scholar.google.com/citations?view_op=search_authors&hl=ko&mauthors=label:information_retrieval"
    },
    "Type Theory": {
        "name": "Type Theory",
        "url": "https://scholar.google.com/citations?view_op=search_authors&hl=ko&mauthors=label:type_theory"
    },
    "Scene Understanding": {
        "name": "Scene Understanding",
        "url": "https://scholar.google.com/citations?view_op=search_authors&hl=ko&mauthors=label:scene_understanding"
    },
    "biometrics": {
        "name": "biometrics",
        "url": "https://scholar.google.com/citations?view_op=search_authors&hl=ko&mauthors=label:biometrics"
    },
    "Biomedical Data Science": {
        "name": "Biomedical Data Science",
        "url": "https://scholar.google.com/citations?view_op=search_authors&hl=ko&mauthors=label:biomedical_data_science"
    },
    "Fuel Cell Electrocatalysis": {
        "name": "Fuel Cell Electrocatalysis",
        "url": "https://scholar.google.com/citations?view_op=search_authors&hl=ko&mauthors=label:fuel_cell_electrocatalysis"
    },
    "Supercapacitor": {
        "name": "Supercapacitor",
        "url": "https://scholar.google.com/citations?view_op=search_authors&hl=ko&mauthors=label:supercapacitor"
    },
    "CO2 reduction": {
        "name": "CO2 reduction",
        "url": "https://scholar.google.com/citations?view_op=search_authors&hl=ko&mauthors=label:co2_reduction"
    },
    "Batteries": {
        "name": "Batteries",
        "url": "https://scholar.google.com/citations?view_op=search_authors&hl=ko&mauthors=label:batteries"
    },
    "Advanced Materials": {
        "name": "Advanced Materials",
        "url": "https://scholar.google.com/citations?view_op=search_authors&hl=ko&mauthors=label:advanced_materials"
    },
    "metric learning": {
        "name": "metric learning",
        "url": "https://scholar.google.com/citations?view_op=search_authors&hl=ko&mauthors=label:metric_learning"
    },
    "pattern recognition": {
        "name": "pattern recognition",
        "url": "https://scholar.google.com/citations?view_op=search_authors&hl=ko&mauthors=label:pattern_recognition"
    },
    "affective computing": {
        "name": "affective computing",
        "url": "https://scholar.google.com/citations?view_op=search_authors&hl=ko&mauthors=label:affective_computing"
    },
    "Computer Graphics": {
        "name": "Computer Graphics",
        "url": "https://scholar.google.com/citations?view_op=search_authors&hl=ko&mauthors=label:computer_graphics"
    },
    "Applied Mathematics": {
        "name": "Applied Mathematics",
        "url": "https://scholar.google.com/citations?view_op=search_authors&hl=ko&mauthors=label:applied_mathematics"
    },
    "Medical Image Analysis": {
        "name": "Medical Image Analysis",
        "url": "https://scholar.google.com/citations?view_op=search_authors&hl=ko&mauthors=label:medical_image_analysis"
    },
    "Virtual Humans": {
        "name": "Virtual Humans",
        "url": "https://scholar.google.com/citations?view_op=search_authors&hl=ko&mauthors=label:virtual_humans"
    },
    "Optical Flow": {
        "name": "Optical Flow",
        "url": "https://scholar.google.com/citations?view_op=search_authors&hl=ko&mauthors=label:optical_flow"
    },
    "Computer-Aided Design": {
        "name": "Computer-Aided Design",
        "url": "https://scholar.google.com/citations?view_op=search_authors&hl=ko&mauthors=label:computer_aided_design"
    },
    "Computational Imaging": {
        "name": "Computational Imaging",
        "url": "https://scholar.google.com/citations?view_op=search_authors&hl=ko&mauthors=label:computational_imaging"
    },
    "Computational Photography": {
        "name": "Computational Photography",
        "url": "https://scholar.google.com/citations?view_op=search_authors&hl=ko&mauthors=label:computational_photography"
    },
    "Computer graphics": {
        "name": "Computer graphics",
        "url": "https://scholar.google.com/citations?view_op=search_authors&hl=ko&mauthors=label:computer_graphics"
    },
    "geometric modeling": {
        "name": "geometric modeling",
        "url": "https://scholar.google.com/citations?view_op=search_authors&hl=ko&mauthors=label:geometric_modeling"
    },
    "motion planning": {
        "name": "motion planning",
        "url": "https://scholar.google.com/citations?view_op=search_authors&hl=ko&mauthors=label:motion_planning"
    },
    "virtual reality": {
        "name": "virtual reality",
        "url": "https://scholar.google.com/citations?view_op=search_authors&hl=ko&mauthors=label:virtual_reality"
    },
    "Geometric Modeling": {
        "name": "Geometric Modeling",
        "url": "https://scholar.google.com/citations?view_op=search_authors&hl=ko&mauthors=label:geometric_modeling"
    },
    "Geometry Processing": {
        "name": "Geometry Processing",
        "url": "https://scholar.google.com/citations?view_op=search_authors&hl=ko&mauthors=label:geometry_processing"
    },
    "Rendering": {
        "name": "Rendering",
        "url": "https://scholar.google.com/citations?view_op=search_authors&hl=ko&mauthors=label:rendering"
    },
    "Video Processing": {
        "name": "Video Processing",
        "url": "https://scholar.google.com/citations?view_op=search_authors&hl=ko&mauthors=label:video_processing"
    },
    "Sensor Networks": {
        "name": "Sensor Networks",
        "url": "https://scholar.google.com/citations?view_op=search_authors&hl=ko&mauthors=label:sensor_networks"
    },
    "visualization": {
        "name": "visualization",
        "url": "https://scholar.google.com/citations?view_op=search_authors&hl=ko&mauthors=label:visualization"
    },
    "parallel computing": {
        "name": "parallel computing",
        "url": "https://scholar.google.com/citations?view_op=search_authors&hl=ko&mauthors=label:parallel_computing"
    },
    "Augmented Reality": {
        "name": "Augmented Reality",
        "url": "https://scholar.google.com/citations?view_op=search_authors&hl=ko&mauthors=label:augmented_reality"
    },
    "Image Based Rendering": {
        "name": "Image Based Rendering",
        "url": "https://scholar.google.com/citations?view_op=search_authors&hl=ko&mauthors=label:image_based_rendering"
    },
    "Modeling": {
        "name": "Modeling",
        "url": "https://scholar.google.com/citations?view_op=search_authors&hl=ko&mauthors=label:modeling"
    },
    "Physics-based Animation": {
        "name": "Physics-based Animation",
        "url": "https://scholar.google.com/citations?view_op=search_authors&hl=ko&mauthors=label:physics_based_animation"
    },
    "Shape Analysis": {
        "name": "Shape Analysis",
        "url": "https://scholar.google.com/citations?view_op=search_authors&hl=ko&mauthors=label:shape_analysis"
    },
    "Visual Attention": {
        "name": "Visual Attention",
        "url": "https://scholar.google.com/citations?view_op=search_authors&hl=ko&mauthors=label:visual_attention"
    },
    "Saliency": {
        "name": "Saliency",
        "url": "https://scholar.google.com/citations?view_op=search_authors&hl=ko&mauthors=label:saliency"
    },
    "biological invasions": {
        "name": "biological invasions",
        "url": "https://scholar.google.com/citations?view_op=search_authors&hl=ko&mauthors=label:biological_invasions"
    },
    "pest mammals": {
        "name": "pest mammals",
        "url": "https://scholar.google.com/citations?view_op=search_authors&hl=ko&mauthors=label:pest_mammals"
    },
    "invasive species": {
        "name": "invasive species",
        "url": "https://scholar.google.com/citations?view_op=search_authors&hl=ko&mauthors=label:invasive_species"
    },
    "ungulate ecology and management": {
        "name": "ungulate ecology and management",
        "url": "https://scholar.google.com/citations?view_op=search_authors&hl=ko&mauthors=label:ungulate_ecology_and_management"
    },
    "macropod ecology and management": {
        "name": "macropod ecology and management",
        "url": "https://scholar.google.com/citations?view_op=search_authors&hl=ko&mauthors=label:macropod_ecology_and_management"
    },
    "Computer Animation": {
        "name": "Computer Animation",
        "url": "https://scholar.google.com/citations?view_op=search_authors&hl=ko&mauthors=label:computer_animation"
    },
    "Virtual Reality": {
        "name": "Virtual Reality",
        "url": "https://scholar.google.com/citations?view_op=search_authors&hl=ko&mauthors=label:virtual_reality"
    },
    "Databases": {
        "name": "Databases",
        "url": "https://scholar.google.com/citations?view_op=search_authors&hl=ko&mauthors=label:databases"
    },
    "GIS": {
        "name": "GIS",
        "url": "https://scholar.google.com/citations?view_op=search_authors&hl=ko&mauthors=label:gis"
    },
    "Data Structures": {
        "name": "Data Structures",
        "url": "https://scholar.google.com/citations?view_op=search_authors&hl=ko&mauthors=label:data_structures"
    },
    "Data Management": {
        "name": "Data Management",
        "url": "https://scholar.google.com/citations?view_op=search_authors&hl=ko&mauthors=label:data_management"
    },
    "Computational Physics": {
        "name": "Computational Physics",
        "url": "https://scholar.google.com/citations?view_op=search_authors&hl=ko&mauthors=label:computational_physics"
    },
    "Signal Processing": {
        "name": "Signal Processing",
        "url": "https://scholar.google.com/citations?view_op=search_authors&hl=ko&mauthors=label:signal_processing"
    },
    "Neural networks": {
        "name": "Neural networks",
        "url": "https://scholar.google.com/citations?view_op=search_authors&hl=ko&mauthors=label:neural_networks"
    },
    "Human-Computer Interaction": {
        "name": "Human-Computer Interaction",
        "url": "https://scholar.google.com/citations?view_op=search_authors&hl=ko&mauthors=label:human_computer_interaction"
    },
    "AI & Machine Learning": {
        "name": "AI & Machine Learning",
        "url": "https://scholar.google.com/citations?view_op=search_authors&hl=ko&mauthors=label:ai_%26_machine_learning"
    },
    "HCI": {
        "name": "HCI",
        "url": "https://scholar.google.com/citations?view_op=search_authors&hl=ko&mauthors=label:hci"
    },
    "Virtual/Augmented Reality": {
        "name": "Virtual/Augmented Reality",
        "url": "https://scholar.google.com/citations?view_op=search_authors&hl=ko&mauthors=label:virtual_augmented_reality"
    },
    "Visualization": {
        "name": "Visualization",
        "url": "https://scholar.google.com/citations?view_op=search_authors&hl=ko&mauthors=label:visualization"
    },
    "crowd simulation": {
        "name": "crowd simulation",
        "url": "https://scholar.google.com/citations?view_op=search_authors&hl=ko&mauthors=label:crowd_simulation"
    },
    "virtual humans": {
        "name": "virtual humans",
        "url": "https://scholar.google.com/citations?view_op=search_authors&hl=ko&mauthors=label:virtual_humans"
    },
    "animation": {
        "name": "animation",
        "url": "https://scholar.google.com/citations?view_op=search_authors&hl=ko&mauthors=label:animation"
    },
    "Computer Graphics­­": {
        "name": "Computer Graphics­­",
        "url": "https://scholar.google.com/citations?view_op=search_authors&hl=ko&mauthors=label:computer_graphics"
    },
    "visual effects": {
        "name": "visual effects",
        "url": "https://scholar.google.com/citations?view_op=search_authors&hl=ko&mauthors=label:visual_effects"
    },
    "Computational Fabrication": {
        "name": "Computational Fabrication",
        "url": "https://scholar.google.com/citations?view_op=search_authors&hl=ko&mauthors=label:computational_fabrication"
    },
    "Animation": {
        "name": "Animation",
        "url": "https://scholar.google.com/citations?view_op=search_authors&hl=ko&mauthors=label:animation"
    },
    "Humanoid Robotics": {
        "name": "Humanoid Robotics",
        "url": "https://scholar.google.com/citations?view_op=search_authors&hl=ko&mauthors=label:humanoid_robotics"
    },
    "human-computer interaction": {
        "name": "human-computer interaction",
        "url": "https://scholar.google.com/citations?view_op=search_authors&hl=ko&mauthors=label:human_computer_interaction"
    },
    "Digital Fabrication": {
        "name": "Digital Fabrication",
        "url": "https://scholar.google.com/citations?view_op=search_authors&hl=ko&mauthors=label:digital_fabrication"
    },
    "Computational Design": {
        "name": "Computational Design",
        "url": "https://scholar.google.com/citations?view_op=search_authors&hl=ko&mauthors=label:computational_design"
    },
    "Motion Planning": {
        "name": "Motion Planning",
        "url": "https://scholar.google.com/citations?view_op=search_authors&hl=ko&mauthors=label:motion_planning"
    },
    "Humanoid Robots": {
        "name": "Humanoid Robots",
        "url": "https://scholar.google.com/citations?view_op=search_authors&hl=ko&mauthors=label:humanoid_robots"
    },
    "Computer Aided Design": {
        "name": "Computer Aided Design",
        "url": "https://scholar.google.com/citations?view_op=search_authors&hl=ko&mauthors=label:computer_aided_design"
    },
    "information visualization": {
        "name": "information visualization",
        "url": "https://scholar.google.com/citations?view_op=search_authors&hl=ko&mauthors=label:information_visualization"
    },
    "diabetes": {
        "name": "diabetes",
        "url": "https://scholar.google.com/citations?view_op=search_authors&hl=ko&mauthors=label:diabetes"
    },
    "obesity": {
        "name": "obesity",
        "url": "https://scholar.google.com/citations?view_op=search_authors&hl=ko&mauthors=label:obesity"
    },
    "metabolism": {
        "name": "metabolism",
        "url": "https://scholar.google.com/citations?view_op=search_authors&hl=ko&mauthors=label:metabolism"
    },
    "International Business": {
        "name": "International Business",
        "url": "https://scholar.google.com/citations?view_op=search_authors&hl=ko&mauthors=label:international_business"
    },
    "Graphics": {
        "name": "Graphics",
        "url": "https://scholar.google.com/citations?view_op=search_authors&hl=ko&mauthors=label:graphics"
    },
    "High Performance Computing": {
        "name": "High Performance Computing",
        "url": "https://scholar.google.com/citations?view_op=search_authors&hl=ko&mauthors=label:high_performance_computing"
    },
    "Human Computer Interaction": {
        "name": "Human Computer Interaction",
        "url": "https://scholar.google.com/citations?view_op=search_authors&hl=ko&mauthors=label:human_computer_interaction"
    },
    "Biological Modelling": {
        "name": "Biological Modelling",
        "url": "https://scholar.google.com/citations?view_op=search_authors&hl=ko&mauthors=label:biological_modelling"
    },
    "Morphogenesis": {
        "name": "Morphogenesis",
        "url": "https://scholar.google.com/citations?view_op=search_authors&hl=ko&mauthors=label:morphogenesis"
    },
    "Plant Development": {
        "name": "Plant Development",
        "url": "https://scholar.google.com/citations?view_op=search_authors&hl=ko&mauthors=label:plant_development"
    },
    "Education Technology": {
        "name": "Education Technology",
        "url": "https://scholar.google.com/citations?view_op=search_authors&hl=ko&mauthors=label:education_technology"
    },
    "Serious Games": {
        "name": "Serious Games",
        "url": "https://scholar.google.com/citations?view_op=search_authors&hl=ko&mauthors=label:serious_games"
    },
    "Artifiical Intellience": {
        "name": "Artifiical Intellience",
        "url": "https://scholar.google.com/citations?view_op=search_authors&hl=ko&mauthors=label:artifiical_intellience"
    },
    "augmented reality": {
        "name": "augmented reality",
        "url": "https://scholar.google.com/citations?view_op=search_authors&hl=ko&mauthors=label:augmented_reality"
    },
    "User Interface": {
        "name": "User Interface",
        "url": "https://scholar.google.com/citations?view_op=search_authors&hl=ko&mauthors=label:user_interface"
    },
    "Art and Technology": {
        "name": "Art and Technology",
        "url": "https://scholar.google.com/citations?view_op=search_authors&hl=ko&mauthors=label:art_and_technology"
    },
    "Scientific Visualization": {
        "name": "Scientific Visualization",
        "url": "https://scholar.google.com/citations?view_op=search_authors&hl=ko&mauthors=label:scientific_visualization"
    },
    "Biological Simulation": {
        "name": "Biological Simulation",
        "url": "https://scholar.google.com/citations?view_op=search_authors&hl=ko&mauthors=label:biological_simulation"
    },
    "Geometry processing": {
        "name": "Geometry processing",
        "url": "https://scholar.google.com/citations?view_op=search_authors&hl=ko&mauthors=label:geometry_processing"
    },
    "Image and Video processing": {
        "name": "Image and Video processing",
        "url": "https://scholar.google.com/citations?view_op=search_authors&hl=ko&mauthors=label:image_and_video_processing"
    },
    "Monte Carlo Methods": {
        "name": "Monte Carlo Methods",
        "url": "https://scholar.google.com/citations?view_op=search_authors&hl=ko&mauthors=label:monte_carlo_methods"
    },
    "Visual Analytics": {
        "name": "Visual Analytics",
        "url": "https://scholar.google.com/citations?view_op=search_authors&hl=ko&mauthors=label:visual_analytics"
    },
    "Digital Geometry Processing": {
        "name": "Digital Geometry Processing",
        "url": "https://scholar.google.com/citations?view_op=search_authors&hl=ko&mauthors=label:digital_geometry_processing"
    },
    "3D Photography": {
        "name": "3D Photography",
        "url": "https://scholar.google.com/citations?view_op=search_authors&hl=ko&mauthors=label:3d_photography"
    },
    "geometry processing": {
        "name": "geometry processing",
        "url": "https://scholar.google.com/citations?view_op=search_authors&hl=ko&mauthors=label:geometry_processing"
    },
    "discrete differential geometry": {
        "name": "discrete differential geometry",
        "url": "https://scholar.google.com/citations?view_op=search_authors&hl=ko&mauthors=label:discrete_differential_geometry"
    },
    "digital fabrication": {
        "name": "digital fabrication",
        "url": "https://scholar.google.com/citations?view_op=search_authors&hl=ko&mauthors=label:digital_fabrication"
    },
    "Geometric Computing": {
        "name": "Geometric Computing",
        "url": "https://scholar.google.com/citations?view_op=search_authors&hl=ko&mauthors=label:geometric_computing"
    },
    "avatars": {
        "name": "avatars",
        "url": "https://scholar.google.com/citations?view_op=search_authors&hl=ko&mauthors=label:avatars"
    },
    "3d user interfaces": {
        "name": "3d user interfaces",
        "url": "https://scholar.google.com/citations?view_op=search_authors&hl=ko&mauthors=label:3d_user_interfaces"
    },
    "mixed reality": {
        "name": "mixed reality",
        "url": "https://scholar.google.com/citations?view_op=search_authors&hl=ko&mauthors=label:mixed_reality"
    },
    "User Interfaces": {
        "name": "User Interfaces",
        "url": "https://scholar.google.com/citations?view_op=search_authors&hl=ko&mauthors=label:user_interfaces"
    },
    "Games for Learning": {
        "name": "Games for Learning",
        "url": "https://scholar.google.com/citations?view_op=search_authors&hl=ko&mauthors=label:games_for_learning"
    },
    "Biomedical Image Analysis": {
        "name": "Biomedical Image Analysis",
        "url": "https://scholar.google.com/citations?view_op=search_authors&hl=ko&mauthors=label:biomedical_image_analysis"
    },
    "artificial life": {
        "name": "artificial life",
        "url": "https://scholar.google.com/citations?view_op=search_authors&hl=ko&mauthors=label:artificial_life"
    },
    "evolutionary computation": {
        "name": "evolutionary computation",
        "url": "https://scholar.google.com/citations?view_op=search_authors&hl=ko&mauthors=label:evolutionary_computation"
    },
    "multiagent": {
        "name": "multiagent",
        "url": "https://scholar.google.com/citations?view_op=search_authors&hl=ko&mauthors=label:multiagent"
    },
    "Video Games": {
        "name": "Video Games",
        "url": "https://scholar.google.com/citations?view_op=search_authors&hl=ko&mauthors=label:video_games"
    },
    "Human-Centered": {
        "name": "Human-Centered",
        "url": "https://scholar.google.com/citations?view_op=search_authors&hl=ko&mauthors=label:human_centered"
    },
    "Human Vision": {
        "name": "Human Vision",
        "url": "https://scholar.google.com/citations?view_op=search_authors&hl=ko&mauthors=label:human_vision"
    },
    "3D modeling": {
        "name": "3D modeling",
        "url": "https://scholar.google.com/citations?view_op=search_authors&hl=ko&mauthors=label:3d_modeling"
    },
    "Artificial Lives": {
        "name": "Artificial Lives",
        "url": "https://scholar.google.com/citations?view_op=search_authors&hl=ko&mauthors=label:artificial_lives"
    },
    "Digital Heritage": {
        "name": "Digital Heritage",
        "url": "https://scholar.google.com/citations?view_op=search_authors&hl=ko&mauthors=label:digital_heritage"
    },
    "Embodied AI": {
        "name": "Embodied AI",
        "url": "https://scholar.google.com/citations?view_op=search_authors&hl=ko&mauthors=label:embodied_ai"
    },
    "Perception": {
        "name": "Perception",
        "url": "https://scholar.google.com/citations?view_op=search_authors&hl=ko&mauthors=label:perception"
    },
    "Medical Computer Science": {
        "name": "Medical Computer Science",
        "url": "https://scholar.google.com/citations?view_op=search_authors&hl=ko&mauthors=label:medical_computer_science"
    },
    "Computer Aided Geometric Design": {
        "name": "Computer Aided Geometric Design",
        "url": "https://scholar.google.com/citations?view_op=search_authors&hl=ko&mauthors=label:computer_aided_geometric_design"
    },
    "CAGD": {
        "name": "CAGD",
        "url": "https://scholar.google.com/citations?view_op=search_authors&hl=ko&mauthors=label:cagd"
    },
    "Algebraic Geometry": {
        "name": "Algebraic Geometry",
        "url": "https://scholar.google.com/citations?view_op=search_authors&hl=ko&mauthors=label:algebraic_geometry"
    },
    "Isogeometric Analysis": {
        "name": "Isogeometric Analysis",
        "url": "https://scholar.google.com/citations?view_op=search_authors&hl=ko&mauthors=label:isogeometric_analysis"
    },
    "Video Game": {
        "name": "Video Game",
        "url": "https://scholar.google.com/citations?view_op=search_authors&hl=ko&mauthors=label:video_game"
    },
    "Human Augmentics": {
        "name": "Human Augmentics",
        "url": "https://scholar.google.com/citations?view_op=search_authors&hl=ko&mauthors=label:human_augmentics"
    },
    "Geometric Deep Learning": {
        "name": "Geometric Deep Learning",
        "url": "https://scholar.google.com/citations?view_op=search_authors&hl=ko&mauthors=label:geometric_deep_learning"
    },
    "3D Vision": {
        "name": "3D Vision",
        "url": "https://scholar.google.com/citations?view_op=search_authors&hl=ko&mauthors=label:3d_vision"
    },
    "Neural Rendering": {
        "name": "Neural Rendering",
        "url": "https://scholar.google.com/citations?view_op=search_authors&hl=ko&mauthors=label:neural_rendering"
    },
    "Audio": {
        "name": "Audio",
        "url": "https://scholar.google.com/citations?view_op=search_authors&hl=ko&mauthors=label:audio"
    },
    "sensors": {
        "name": "sensors",
        "url": "https://scholar.google.com/citations?view_op=search_authors&hl=ko&mauthors=label:sensors"
    },
    "computational imaging": {
        "name": "computational imaging",
        "url": "https://scholar.google.com/citations?view_op=search_authors&hl=ko&mauthors=label:computational_imaging"
    },
    "Eye Tracking": {
        "name": "Eye Tracking",
        "url": "https://scholar.google.com/citations?view_op=search_authors&hl=ko&mauthors=label:eye_tracking"
    },
    "Mechanics of materials": {
        "name": "Mechanics of materials",
        "url": "https://scholar.google.com/citations?view_op=search_authors&hl=ko&mauthors=label:mechanics_of_materials"
    },
    "Additive manufacturing": {
        "name": "Additive manufacturing",
        "url": "https://scholar.google.com/citations?view_op=search_authors&hl=ko&mauthors=label:additive_manufacturing"
    },
    "Geometric modeling": {
        "name": "Geometric modeling",
        "url": "https://scholar.google.com/citations?view_op=search_authors&hl=ko&mauthors=label:geometric_modeling"
    },
    "4D Modeling": {
        "name": "4D Modeling",
        "url": "https://scholar.google.com/citations?view_op=search_authors&hl=ko&mauthors=label:4d_modeling"
    },
    "3D Modelling": {
        "name": "3D Modelling",
        "url": "https://scholar.google.com/citations?view_op=search_authors&hl=ko&mauthors=label:3d_modelling"
    },
    "Mixed Reality": {
        "name": "Mixed Reality",
        "url": "https://scholar.google.com/citations?view_op=search_authors&hl=ko&mauthors=label:mixed_reality"
    },
    "Optimization": {
        "name": "Optimization",
        "url": "https://scholar.google.com/citations?view_op=search_authors&hl=ko&mauthors=label:optimization"
    },
    "Big Data": {
        "name": "Big Data",
        "url": "https://scholar.google.com/citations?view_op=search_authors&hl=ko&mauthors=label:big_data"
    },
    "Networking": {
        "name": "Networking",
        "url": "https://scholar.google.com/citations?view_op=search_authors&hl=ko&mauthors=label:networking"
    },
    "multimedia": {
        "name": "multimedia",
        "url": "https://scholar.google.com/citations?view_op=search_authors&hl=ko&mauthors=label:multimedia"
    },
    "human computer interaction": {
        "name": "human computer interaction",
        "url": "https://scholar.google.com/citations?view_op=search_authors&hl=ko&mauthors=label:human_computer_interaction"
    },
    "visual analytics": {
        "name": "visual analytics",
        "url": "https://scholar.google.com/citations?view_op=search_authors&hl=ko&mauthors=label:visual_analytics"
    },
    "interactive machine learning": {
        "name": "interactive machine learning",
        "url": "https://scholar.google.com/citations?view_op=search_authors&hl=ko&mauthors=label:interactive_machine_learning"
    },
    "Material Appearance": {
        "name": "Material Appearance",
        "url": "https://scholar.google.com/citations?view_op=search_authors&hl=ko&mauthors=label:material_appearance"
    },
    "Architectural Geometry": {
        "name": "Architectural Geometry",
        "url": "https://scholar.google.com/citations?view_op=search_authors&hl=ko&mauthors=label:architectural_geometry"
    },
    "mathematics": {
        "name": "mathematics",
        "url": "https://scholar.google.com/citations?view_op=search_authors&hl=ko&mauthors=label:mathematics"
    },
    "computer science": {
        "name": "computer science",
        "url": "https://scholar.google.com/citations?view_op=search_authors&hl=ko&mauthors=label:computer_science"
    },
    "二维材料，石墨烯，光学性质，拉曼光谱，声子": {
        "name": "二维材料，石墨烯，光学性质，拉曼光谱，声子",
        "url": "https://scholar.google.com/citations?view_op=search_authors&hl=ko&mauthors=label:%E4%BA%8C_%E7%BB%B4_%E6%9D%90%E6%96%99_%E7%9F%B3%E5%A2%A8_%E7%83%AF_%E5%85%89%E5%AD%A6_%E6%80%A7%E8%B4%A8_%E6%8B%89_%E6%9B%BC_%E5%85%89%E8%B0%B1_%E5%A3%B0_%E5%AD%90"
    },
    "Data Science & Data Analysis": {
        "name": "Data Science & Data Analysis",
        "url": "https://scholar.google.com/citations?view_op=search_authors&hl=ko&mauthors=label:data_science_%26_data_analysis"
    },
    "Geometric Computing & Geometric Design": {
        "name": "Geometric Computing & Geometric Design",
        "url": "https://scholar.google.com/citations?view_op=search_authors&hl=ko&mauthors=label:geometric_computing_%26_geometric_design"
    },
    "Visual Computing": {
        "name": "Visual Computing",
        "url": "https://scholar.google.com/citations?view_op=search_authors&hl=ko&mauthors=label:visual_computing"
    },
    "Digital Image Processing": {
        "name": "Digital Image Processing",
        "url": "https://scholar.google.com/citations?view_op=search_authors&hl=ko&mauthors=label:digital_image_processing"
    },
    "Image Perception": {
        "name": "Image Perception",
        "url": "https://scholar.google.com/citations?view_op=search_authors&hl=ko&mauthors=label:image_perception"
    },
    "eye tracking": {
        "name": "eye tracking",
        "url": "https://scholar.google.com/citations?view_op=search_authors&hl=ko&mauthors=label:eye_tracking"
    },
    "Computational Geometry": {
        "name": "Computational Geometry",
        "url": "https://scholar.google.com/citations?view_op=search_authors&hl=ko&mauthors=label:computational_geometry"
    },
    "Modelling": {
        "name": "Modelling",
        "url": "https://scholar.google.com/citations?view_op=search_authors&hl=ko&mauthors=label:modelling"
    },
    "visual computing": {
        "name": "visual computing",
        "url": "https://scholar.google.com/citations?view_op=search_authors&hl=ko&mauthors=label:visual_computing"
    },
    "Cultural Heritage": {
        "name": "Cultural Heritage",
        "url": "https://scholar.google.com/citations?view_op=search_authors&hl=ko&mauthors=label:cultural_heritage"
    },
    "Applied Perception": {
        "name": "Applied Perception",
        "url": "https://scholar.google.com/citations?view_op=search_authors&hl=ko&mauthors=label:applied_perception"
    },
    "primary health care": {
        "name": "primary health care",
        "url": "https://scholar.google.com/citations?view_op=search_authors&hl=ko&mauthors=label:primary_health_care"
    },
    "Simulation": {
        "name": "Simulation",
        "url": "https://scholar.google.com/citations?view_op=search_authors&hl=ko&mauthors=label:simulation"
    },
    "Mathematical Modelling": {
        "name": "Mathematical Modelling",
        "url": "https://scholar.google.com/citations?view_op=search_authors&hl=ko&mauthors=label:mathematical_modelling"
    },
    "high dynamic range imaging": {
        "name": "high dynamic range imaging",
        "url": "https://scholar.google.com/citations?view_op=search_authors&hl=ko&mauthors=label:high_dynamic_range_imaging"
    },
    "binocular vision": {
        "name": "binocular vision",
        "url": "https://scholar.google.com/citations?view_op=search_authors&hl=ko&mauthors=label:binocular_vision"
    },
    "perception in graphics": {
        "name": "perception in graphics",
        "url": "https://scholar.google.com/citations?view_op=search_authors&hl=ko&mauthors=label:perception_in_graphics"
    },
    "graphics hardware": {
        "name": "graphics hardware",
        "url": "https://scholar.google.com/citations?view_op=search_authors&hl=ko&mauthors=label:graphics_hardware"
    },
    "design": {
        "name": "design",
        "url": "https://scholar.google.com/citations?view_op=search_authors&hl=ko&mauthors=label:design"
    },
    "creative applications of AI": {
        "name": "creative applications of AI",
        "url": "https://scholar.google.com/citations?view_op=search_authors&hl=ko&mauthors=label:creative_applications_of_ai"
    },
    "Biological Visualization": {
        "name": "Biological Visualization",
        "url": "https://scholar.google.com/citations?view_op=search_authors&hl=ko&mauthors=label:biological_visualization"
    },
    "Fuzzy Logic": {
        "name": "Fuzzy Logic",
        "url": "https://scholar.google.com/citations?view_op=search_authors&hl=ko&mauthors=label:fuzzy_logic"
    },
    "Sensorimotor Computation": {
        "name": "Sensorimotor Computation",
        "url": "https://scholar.google.com/citations?view_op=search_authors&hl=ko&mauthors=label:sensorimotor_computation"
    },
    "Biomechanics": {
        "name": "Biomechanics",
        "url": "https://scholar.google.com/citations?view_op=search_authors&hl=ko&mauthors=label:biomechanics"
    },
    "Auditory Displays": {
        "name": "Auditory Displays",
        "url": "https://scholar.google.com/citations?view_op=search_authors&hl=ko&mauthors=label:auditory_displays"
    },
    "Haptics and Robotics": {
        "name": "Haptics and Robotics",
        "url": "https://scholar.google.com/citations?view_op=search_authors&hl=ko&mauthors=label:haptics_and_robotics"
    },
    "computational mechanics": {
        "name": "computational mechanics",
        "url": "https://scholar.google.com/citations?view_op=search_authors&hl=ko&mauthors=label:computational_mechanics"
    },
    "contact mechanics": {
        "name": "contact mechanics",
        "url": "https://scholar.google.com/citations?view_op=search_authors&hl=ko&mauthors=label:contact_mechanics"
    },
    "molecular modeling": {
        "name": "molecular modeling",
        "url": "https://scholar.google.com/citations?view_op=search_authors&hl=ko&mauthors=label:molecular_modeling"
    },
    "data analytics": {
        "name": "data analytics",
        "url": "https://scholar.google.com/citations?view_op=search_authors&hl=ko&mauthors=label:data_analytics"
    },
    "3D Printing": {
        "name": "3D Printing",
        "url": "https://scholar.google.com/citations?view_op=search_authors&hl=ko&mauthors=label:3d_printing"
    },
    "Image-Based Rendering": {
        "name": "Image-Based Rendering",
        "url": "https://scholar.google.com/citations?view_op=search_authors&hl=ko&mauthors=label:image_based_rendering"
    },
    "Global Illumination": {
        "name": "Global Illumination",
        "url": "https://scholar.google.com/citations?view_op=search_authors&hl=ko&mauthors=label:global_illumination"
    },
    "3D computer vision": {
        "name": "3D computer vision",
        "url": "https://scholar.google.com/citations?view_op=search_authors&hl=ko&mauthors=label:3d_computer_vision"
    },
    "Artificial Intelligence & Machine Learning": {
        "name": "Artificial Intelligence & Machine Learning",
        "url": "https://scholar.google.com/citations?view_op=search_authors&hl=ko&mauthors=label:artificial_intelligence_%26_machine_learning"
    },
    "High-Performance Computing": {
        "name": "High-Performance Computing",
        "url": "https://scholar.google.com/citations?view_op=search_authors&hl=ko&mauthors=label:high_performance_computing"
    }
}