{
    "Chief Scientist of Megvii, Managing Director of Megvii Research": {
        "google_scholar_url": null,
        "homepage_url": null,
        "name": "Chief Scientist of Megvii, Managing Director of Megvii Research"
    },
    "Professor at Xi'an Jiaotong University": {
        "google_scholar_url": "https://scholar.google.com/citations?view_op=view_org&hl=ko&org=12584268802548929965",
        "homepage_url": null,
        "name": "Professor at Xi'an Jiaotong University"
    },
    "Distinguished Scientist, Apple": {
        "google_scholar_url": "https://scholar.google.com/citations?view_op=view_org&hl=ko&org=11540454294127154050",
        "homepage_url": null,
        "name": "Distinguished Scientist, Apple"
    },
    "Professor of EECS, UC Berkeley": {
        "google_scholar_url": "https://scholar.google.com/citations?view_op=view_org&hl=ko&org=11816294095661060495",
        "homepage_url": null,
        "name": "Professor of EECS, UC Berkeley"
    },
    "Professor of Computer Science, Stanford University": {
        "google_scholar_url": "https://scholar.google.com/citations?view_op=view_org&hl=ko&org=8539678734835078480",
        "homepage_url": null,
        "name": "Professor of Computer Science, Stanford University"
    },
    "UC Berkeley": {
        "google_scholar_url": "https://scholar.google.com/citations?view_op=view_org&hl=ko&org=11816294095661060495",
        "homepage_url": null,
        "name": "UC Berkeley"
    },
    "CSE, The University of Washington": {
        "google_scholar_url": "https://scholar.google.com/citations?view_op=view_org&hl=ko&org=5340226318625937772",
        "homepage_url": null,
        "name": "CSE, The University of Washington"
    },
    "Facebook AI Research": {
        "google_scholar_url": null,
        "homepage_url": null,
        "name": "Facebook AI Research"
    },
    "Max Planck Institute for Intelligent Systems": {
        "google_scholar_url": null,
        "homepage_url": null,
        "name": "Max Planck Institute for Intelligent Systems"
    },
    "Distinguished Professor & Chancellor's Professor of Computer Science, UCLA": {
        "google_scholar_url": "https://scholar.google.com/citations?view_op=view_org&hl=ko&org=14108176128635076915",
        "homepage_url": null,
        "name": "Distinguished Professor & Chancellor's Professor of Computer Science, UCLA"
    },
    "Professor of Computer Science, Columbia University": {
        "google_scholar_url": "https://scholar.google.com/citations?view_op=view_org&hl=ko&org=8867661471528740601",
        "homepage_url": null,
        "name": "Professor of Computer Science, Columbia University"
    },
    "Assistant Professor,  Carnegie Mellon University": {
        "google_scholar_url": "https://scholar.google.com/citations?view_op=view_org&hl=ko&org=17554517495610703090",
        "homepage_url": null,
        "name": "Assistant Professor,  Carnegie Mellon University"
    },
    "Professor of Computer Science, Emeritus, Stanford University": {
        "google_scholar_url": "https://scholar.google.com/citations?view_op=view_org&hl=ko&org=8539678734835078480",
        "homepage_url": null,
        "name": "Professor of Computer Science, Emeritus, Stanford University"
    },
    "Distinguished University Professor, University of Maryland at College Park": {
        "google_scholar_url": "https://scholar.google.com/citations?view_op=view_org&hl=ko&org=2387997698019310735",
        "homepage_url": null,
        "name": "Distinguished University Professor, University of Maryland at College Park"
    },
    "Professor of Computer Science, Max Planck Institute for Informatics, Saarland Informatics Campus": {
        "google_scholar_url": "https://scholar.google.com/citations?view_op=view_org&hl=ko&org=12535683263781636149",
        "homepage_url": null,
        "name": "Professor of Computer Science, Max Planck Institute for Informatics, Saarland Informatics Campus"
    },
    "Google, Inc.": {
        "google_scholar_url": "https://scholar.google.com/citations?view_op=view_org&hl=ko&org=6518679690484165796",
        "homepage_url": null,
        "name": "Google, Inc."
    },
    "Stanford University": {
        "google_scholar_url": "https://scholar.google.com/citations?view_op=view_org&hl=ko&org=8539678734835078480",
        "homepage_url": null,
        "name": "Stanford University"
    },
    "Professor of Computer Science, ETH Zurich, and Director Mixed Reality and AI Lab Zurich, Microsoft": {
        "google_scholar_url": "https://scholar.google.com/citations?view_op=view_org&hl=ko&org=4424634556969671199",
        "homepage_url": null,
        "name": "Professor of Computer Science, ETH Zurich, and Director Mixed Reality and AI Lab Zurich, Microsoft"
    },
    "Microsoft": {
        "google_scholar_url": "https://scholar.google.com/citations?view_op=view_org&hl=ko&org=12331530069074480064",
        "homepage_url": null,
        "name": "Microsoft"
    },
    "Facebook": {
        "google_scholar_url": "https://scholar.google.com/citations?view_op=view_org&hl=ko&org=1978088699341142706",
        "homepage_url": null,
        "name": "Facebook"
    },
    "ETH Zurich, Disney Research Zurich": {
        "google_scholar_url": "https://scholar.google.com/citations?view_op=view_org&hl=ko&org=4424634556969671199",
        "homepage_url": null,
        "name": "ETH Zurich, Disney Research Zurich"
    },
    "Professor of Computer Science, MIT": {
        "google_scholar_url": "https://scholar.google.com/citations?view_op=view_org&hl=ko&org=16345133980181568013",
        "homepage_url": null,
        "name": "Professor of Computer Science, MIT"
    },
    "Princeton University": {
        "google_scholar_url": "https://scholar.google.com/citations?view_op=view_org&hl=ko&org=4836318610601440500",
        "homepage_url": null,
        "name": "Princeton University"
    },
    "Computer science researcher": {
        "google_scholar_url": null,
        "homepage_url": null,
        "name": "Computer science researcher"
    },
    "Professor of Computer Science & Engineering, University of Washington; Google Corporation": {
        "google_scholar_url": "https://scholar.google.com/citations?view_op=view_org&hl=ko&org=5340226318625937772",
        "homepage_url": null,
        "name": "Professor of Computer Science & Engineering, University of Washington; Google Corporation"
    },
    "Professor of Computer Science, Nankai University": {
        "google_scholar_url": "https://scholar.google.com/citations?view_op=view_org&hl=ko&org=16832670968312042075",
        "homepage_url": null,
        "name": "Professor of Computer Science, Nankai University"
    },
    "Professor of Computer Science, University of Illinois, Urbana Champaign": {
        "google_scholar_url": "https://scholar.google.com/citations?view_op=view_org&hl=ko&org=4497256714731484767",
        "homepage_url": null,
        "name": "Professor of Computer Science, University of Illinois, Urbana Champaign"
    },
    "Vertebrate Pest Research Unit, NSW Department of Primary Industries": {
        "google_scholar_url": null,
        "homepage_url": null,
        "name": "Vertebrate Pest Research Unit, NSW Department of Primary Industries"
    },
    "Elizabeth Stevinson Iribe Professor, University of Maryland at College Park": {
        "google_scholar_url": "https://scholar.google.com/citations?view_op=view_org&hl=ko&org=2387997698019310735",
        "homepage_url": null,
        "name": "Elizabeth Stevinson Iribe Professor, University of Maryland at College Park"
    },
    "institute of materials research and engineering": {
        "google_scholar_url": null,
        "homepage_url": null,
        "name": "institute of materials research and engineering"
    },
    "University of Maryland": {
        "google_scholar_url": "https://scholar.google.com/citations?view_op=view_org&hl=ko&org=2387997698019310735",
        "homepage_url": null,
        "name": "University of Maryland"
    },
    "Adobe Research": {
        "google_scholar_url": null,
        "homepage_url": null,
        "name": "Adobe Research"
    },
    "NVIDIA": {
        "google_scholar_url": "https://scholar.google.com/citations?view_op=view_org&hl=ko&org=15729607608264555120",
        "homepage_url": null,
        "name": "NVIDIA"
    },
    "Senior Distinguished Research Scientist, NVIDIA": {
        "google_scholar_url": "https://scholar.google.com/citations?view_op=view_org&hl=ko&org=15729607608264555120",
        "homepage_url": null,
        "name": "Senior Distinguished Research Scientist, NVIDIA"
    },
    "Professor of Computer Science & Engineering, University of Washington": {
        "google_scholar_url": "https://scholar.google.com/citations?view_op=view_org&hl=ko&org=5340226318625937772",
        "homepage_url": null,
        "name": "Professor of Computer Science & Engineering, University of Washington"
    },
    "Professor, Max Planck Institute for Informatics, Saarland Informatics Campus, Saarland University": {
        "google_scholar_url": "https://scholar.google.com/citations?view_op=view_org&hl=ko&org=12535683263781636149",
        "homepage_url": null,
        "name": "Professor, Max Planck Institute for Informatics, Saarland Informatics Campus, Saarland University"
    },
    "An Wang Professor of Computer Science, Harvard University": {
        "google_scholar_url": "https://scholar.google.com/citations?view_op=view_org&hl=ko&org=1896398670060433590",
        "homepage_url": null,
        "name": "An Wang Professor of Computer Science, Harvard University"
    },
    "Professor, EPFL, Switzerland & Miralab Sarl, Switzerland": {
        "google_scholar_url": "https://scholar.google.com/citations?view_op=view_org&hl=ko&org=16539297749990713900",
        "homepage_url": null,
        "name": "Professor, EPFL, Switzerland & Miralab Sarl, Switzerland"
    },
    "Distinguished Scientist, Microsoft Research": {
        "google_scholar_url": null,
        "homepage_url": null,
        "name": "Distinguished Scientist, Microsoft Research"
    },
    "Distinguished Research Scientist, NVIDIA": {
        "google_scholar_url": "https://scholar.google.com/citations?view_op=view_org&hl=ko&org=15729607608264555120",
        "homepage_url": null,
        "name": "Distinguished Research Scientist, NVIDIA"
    },
    "Assistant Professor, Nanyang Technological University": {
        "google_scholar_url": "https://scholar.google.com/citations?view_op=view_org&hl=ko&org=3012140508424117850",
        "homepage_url": null,
        "name": "Assistant Professor, Nanyang Technological University"
    },
    "Professor at Cornell Tech and Researcher at Google Research": {
        "google_scholar_url": null,
        "homepage_url": null,
        "name": "Professor at Cornell Tech and Researcher at Google Research"
    },
    "Epic Games / University of East Anglia / Carnegie Mellon University": {
        "google_scholar_url": "https://scholar.google.com/citations?view_op=view_org&hl=ko&org=9538045978089347208",
        "homepage_url": null,
        "name": "Epic Games / University of East Anglia / Carnegie Mellon University"
    },
    "UT Austin": {
        "google_scholar_url": "https://scholar.google.com/citations?view_op=view_org&hl=ko&org=14823011757688503605",
        "homepage_url": null,
        "name": "UT Austin"
    },
    "Google": {
        "google_scholar_url": "https://scholar.google.com/citations?view_op=view_org&hl=ko&org=6518679690484165796",
        "homepage_url": null,
        "name": "Google"
    },
    "Emeritus professor, University of Tokyo": {
        "google_scholar_url": "https://scholar.google.com/citations?view_op=view_org&hl=ko&org=8929680262811525562",
        "homepage_url": null,
        "name": "Emeritus professor, University of Tokyo"
    },
    "VP, Meta Reality Labs (Pittsburgh)": {
        "google_scholar_url": null,
        "homepage_url": null,
        "name": "VP, Meta Reality Labs (Pittsburgh)"
    },
    "Professor of Computer Science, University of California, San Diego": {
        "google_scholar_url": "https://scholar.google.com/citations?view_op=view_org&hl=ko&org=7549334305653538480",
        "homepage_url": null,
        "name": "Professor of Computer Science, University of California, San Diego"
    },
    "Professor of Computer Science, Technical University of Munich": {
        "google_scholar_url": "https://scholar.google.com/citations?view_op=view_org&hl=ko&org=1384714062669582586",
        "homepage_url": null,
        "name": "Professor of Computer Science, Technical University of Munich"
    },
    "Professor of Computer Science, University of Southern California": {
        "google_scholar_url": null,
        "homepage_url": null,
        "name": "Professor of Computer Science, University of Southern California"
    },
    "Princeton University, Department of Computer Science": {
        "google_scholar_url": "https://scholar.google.com/citations?view_op=view_org&hl=ko&org=4836318610601440500",
        "homepage_url": null,
        "name": "Princeton University, Department of Computer Science"
    },
    "Professor of Computer Science and Robotics, Carnegie Mellon University": {
        "google_scholar_url": "https://scholar.google.com/citations?view_op=view_org&hl=ko&org=17554517495610703090",
        "homepage_url": null,
        "name": "Professor of Computer Science and Robotics, Carnegie Mellon University"
    },
    "Hebrew University": {
        "google_scholar_url": "https://scholar.google.com/citations?view_op=view_org&hl=ko&org=17644907110646224264",
        "homepage_url": null,
        "name": "Hebrew University"
    },
    "Professor for Computer Graphics and Virtual Reality, Graz University of Technology": {
        "google_scholar_url": "https://scholar.google.com/citations?view_op=view_org&hl=ko&org=12942751292726083815",
        "homepage_url": null,
        "name": "Professor for Computer Graphics and Virtual Reality, Graz University of Technology"
    },
    "Adobe": {
        "google_scholar_url": "https://scholar.google.com/citations?view_op=view_org&hl=ko&org=11521533430685536676",
        "homepage_url": null,
        "name": "Adobe"
    },
    "Professor of Computer Science and Applied & Computational Mathematics, Caltech": {
        "google_scholar_url": "https://scholar.google.com/citations?view_op=view_org&hl=ko&org=7467084778962869219",
        "homepage_url": null,
        "name": "Professor of Computer Science and Applied & Computational Mathematics, Caltech"
    },
    "MIT": {
        "google_scholar_url": "https://scholar.google.com/citations?view_op=view_org&hl=ko&org=16345133980181568013",
        "homepage_url": null,
        "name": "MIT"
    },
    "Distinguished Professor and Chair of Computer Science, Stony Brook University": {
        "google_scholar_url": "https://scholar.google.com/citations?view_op=view_org&hl=ko&org=6543801266527645443",
        "homepage_url": null,
        "name": "Distinguished Professor and Chair of Computer Science, Stony Brook University"
    },
    "Adjunct Associate Professor, Carnegie Mellon University": {
        "google_scholar_url": "https://scholar.google.com/citations?view_op=view_org&hl=ko&org=17554517495610703090",
        "homepage_url": null,
        "name": "Adjunct Associate Professor, Carnegie Mellon University"
    },
    "Professor of Computer Science, RWTH Aachen University": {
        "google_scholar_url": "https://scholar.google.com/citations?view_op=view_org&hl=ko&org=2022388551903139277",
        "homepage_url": null,
        "name": "Professor of Computer Science, RWTH Aachen University"
    },
    "Professor of Computer Science, Georgia Institute of Technology": {
        "google_scholar_url": "https://scholar.google.com/citations?view_op=view_org&hl=ko&org=15204255840385501358",
        "homepage_url": null,
        "name": "Professor of Computer Science, Georgia Institute of Technology"
    },
    "Retired": {
        "google_scholar_url": null,
        "homepage_url": null,
        "name": "Retired"
    },
    "Director, International Programs, Foster College of Business": {
        "google_scholar_url": null,
        "homepage_url": null,
        "name": "Director, International Programs, Foster College of Business"
    },
    "Emeritus Professor in Computer Science, University of Basel": {
        "google_scholar_url": "https://scholar.google.com/citations?view_op=view_org&hl=ko&org=1863479039191187439",
        "homepage_url": null,
        "name": "Emeritus Professor in Computer Science, University of Basel"
    },
    "Professor of Computer Science, University of California at Davis": {
        "google_scholar_url": "https://scholar.google.com/citations?view_op=view_org&hl=ko&org=21288157106126462",
        "homepage_url": null,
        "name": "Professor of Computer Science, University of California at Davis"
    },
    "Professor of Computer Science, University of Calgary": {
        "google_scholar_url": "https://scholar.google.com/citations?view_op=view_org&hl=ko&org=2186568608501296974",
        "homepage_url": null,
        "name": "Professor of Computer Science, University of Calgary"
    },
    "Distinguished Professor of Computing, Georgia Tech / Research Scientist, Google": {
        "google_scholar_url": "https://scholar.google.com/citations?view_op=view_org&hl=ko&org=15204255840385501358",
        "homepage_url": null,
        "name": "Distinguished Professor of Computing, Georgia Tech / Research Scientist, Google"
    },
    "Rachleff Professor of Computer & Information Science, Univ. of Pennsylvania": {
        "google_scholar_url": "https://scholar.google.com/citations?view_op=view_org&hl=ko&org=18168328457749716238",
        "homepage_url": null,
        "name": "Rachleff Professor of Computer & Information Science, Univ. of Pennsylvania"
    },
    "Professor of Computer Science, Director Center for Game Science, University of Washington": {
        "google_scholar_url": "https://scholar.google.com/citations?view_op=view_org&hl=ko&org=5340226318625937772",
        "homepage_url": null,
        "name": "Professor of Computer Science, Director Center for Game Science, University of Washington"
    },
    "Federico Gil Distinguished Professor of Computer Science, University of North Carolina": {
        "google_scholar_url": "https://scholar.google.com/citations?view_op=view_org&hl=ko&org=13300367165038667747",
        "homepage_url": null,
        "name": "Federico Gil Distinguished Professor of Computer Science, University of North Carolina"
    },
    "소속을 알 수 없음": {
        "google_scholar_url": null,
        "homepage_url": null,
        "name": "소속을 알 수 없음"
    },
    "Carnegie Mellon University": {
        "google_scholar_url": "https://scholar.google.com/citations?view_op=view_org&hl=ko&org=17554517495610703090",
        "homepage_url": null,
        "name": "Carnegie Mellon University"
    },
    "Professor, Georgia Tech": {
        "google_scholar_url": "https://scholar.google.com/citations?view_op=view_org&hl=ko&org=15204255840385501358",
        "homepage_url": null,
        "name": "Professor, Georgia Tech"
    },
    "Associate Professor, Aalto University & Distinguished Research Scientist, NVIDIA": {
        "google_scholar_url": "https://scholar.google.com/citations?view_op=view_org&hl=ko&org=17508113656414128510",
        "homepage_url": null,
        "name": "Associate Professor, Aalto University & Distinguished Research Scientist, NVIDIA"
    },
    "Tsinghua University": {
        "google_scholar_url": "https://scholar.google.com/citations?view_op=view_org&hl=ko&org=15442380624744264287",
        "homepage_url": null,
        "name": "Tsinghua University"
    },
    "Chief Architect for Computer Vision, Microsoft Azure AI; IEEE Fellow": {
        "google_scholar_url": null,
        "homepage_url": null,
        "name": "Chief Architect for Computer Vision, Microsoft Azure AI; IEEE Fellow"
    },
    "Nvidia Corporation": {
        "google_scholar_url": null,
        "homepage_url": null,
        "name": "Nvidia Corporation"
    },
    "Professor of Computer Science, University of Stuttgart": {
        "google_scholar_url": "https://scholar.google.com/citations?view_op=view_org&hl=ko&org=10755262191494631905",
        "homepage_url": null,
        "name": "Professor of Computer Science, University of Stuttgart"
    },
    "Vice President of Research, NVIDIA Corporation": {
        "google_scholar_url": "https://scholar.google.com/citations?view_op=view_org&hl=ko&org=15729607608264555120",
        "homepage_url": null,
        "name": "Vice President of Research, NVIDIA Corporation"
    },
    "Professor of Engineering and Computer Science, Brown University": {
        "google_scholar_url": "https://scholar.google.com/citations?view_op=view_org&hl=ko&org=9565289731625918571",
        "homepage_url": null,
        "name": "Professor of Engineering and Computer Science, Brown University"
    },
    "Baidu Research/Professor of Computer Science, University of Kentucky": {
        "google_scholar_url": "https://scholar.google.com/citations?view_op=view_org&hl=ko&org=3063801922189458965",
        "homepage_url": null,
        "name": "Baidu Research/Professor of Computer Science, University of Kentucky"
    },
    "Professor, Nagoya University": {
        "google_scholar_url": "https://scholar.google.com/citations?view_op=view_org&hl=ko&org=11271316632888588419",
        "homepage_url": null,
        "name": "Professor, Nagoya University"
    },
    "The University of Tokyo": {
        "google_scholar_url": null,
        "homepage_url": null,
        "name": "The University of Tokyo"
    },
    "Professor of Computer Science, ETH Zurich": {
        "google_scholar_url": "https://scholar.google.com/citations?view_op=view_org&hl=ko&org=4424634556969671199",
        "homepage_url": null,
        "name": "Professor of Computer Science, ETH Zurich"
    },
    "Emeritus Professor, Cardiff University": {
        "google_scholar_url": "https://scholar.google.com/citations?view_op=view_org&hl=ko&org=9175319048828668389",
        "homepage_url": null,
        "name": "Emeritus Professor, Cardiff University"
    },
    "Professor of Computer Science, TU Berlin": {
        "google_scholar_url": "https://scholar.google.com/citations?view_op=view_org&hl=ko&org=15309337599806254000",
        "homepage_url": null,
        "name": "Professor of Computer Science, TU Berlin"
    },
    "University College London": {
        "google_scholar_url": "https://scholar.google.com/citations?view_op=view_org&hl=ko&org=7707954445345430443",
        "homepage_url": null,
        "name": "University College London"
    },
    "Senior Research Scientist, Adobe": {
        "google_scholar_url": "https://scholar.google.com/citations?view_op=view_org&hl=ko&org=11521533430685536676",
        "homepage_url": null,
        "name": "Senior Research Scientist, Adobe"
    },
    "Professor of Computer Sciences, University of Wisconsin - Madison": {
        "google_scholar_url": "https://scholar.google.com/citations?view_op=view_org&hl=ko&org=9656555076399183932",
        "homepage_url": null,
        "name": "Professor of Computer Sciences, University of Wisconsin - Madison"
    },
    "Professor of Computer Science, New York University": {
        "google_scholar_url": "https://scholar.google.com/citations?view_op=view_org&hl=ko&org=17630047345716507964",
        "homepage_url": null,
        "name": "Professor of Computer Science, New York University"
    },
    "Professor in College of Information Sciences and Technology at Penn State University": {
        "google_scholar_url": "https://scholar.google.com/citations?view_op=view_org&hl=ko&org=380362116364043272",
        "homepage_url": null,
        "name": "Professor in College of Information Sciences and Technology at Penn State University"
    },
    "retired — unaffiliated researcher": {
        "google_scholar_url": null,
        "homepage_url": null,
        "name": "retired — unaffiliated researcher"
    },
    "Head of Immersive Tech Research @ JPMorgan Chase. Professor of AR+Design & Computing at Northeastern": {
        "google_scholar_url": null,
        "homepage_url": null,
        "name": "Head of Immersive Tech Research @ JPMorgan Chase. Professor of AR+Design & Computing at Northeastern"
    },
    "Professor in Computer Science, University of California, Berkeley": {
        "google_scholar_url": "https://scholar.google.com/citations?view_op=view_org&hl=ko&org=11816294095661060495",
        "homepage_url": null,
        "name": "Professor in Computer Science, University of California, Berkeley"
    },
    "ESILV": {
        "google_scholar_url": null,
        "homepage_url": null,
        "name": "ESILV"
    },
    "Research Director, ISTI - CNR, Pisa": {
        "google_scholar_url": null,
        "homepage_url": null,
        "name": "Research Director, ISTI - CNR, Pisa"
    },
    "Simon Fraser University": {
        "google_scholar_url": "https://scholar.google.com/citations?view_op=view_org&hl=ko&org=7143928649000768301",
        "homepage_url": null,
        "name": "Simon Fraser University"
    },
    "Professor of Computer Science, Universitaet Siegen": {
        "google_scholar_url": "https://scholar.google.com/citations?view_op=view_org&hl=ko&org=2236004591835384110",
        "homepage_url": null,
        "name": "Professor of Computer Science, Universitaet Siegen"
    },
    "Professor of Computer Science, Emeritus, Brigham Young University": {
        "google_scholar_url": "https://scholar.google.com/citations?view_op=view_org&hl=ko&org=15477435255497898956",
        "homepage_url": null,
        "name": "Professor of Computer Science, Emeritus, Brigham Young University"
    },
    "Professor of Computer Science, University of Hawaiʻi at Mānoa, and University of Illinois at Chicago": {
        "google_scholar_url": "https://scholar.google.com/citations?view_op=view_org&hl=ko&org=8949620348107476159",
        "homepage_url": null,
        "name": "Professor of Computer Science, University of Hawaiʻi at Mānoa, and University of Illinois at Chicago"
    },
    "Distinguished Professor at Simon Fraser University and Amazon Scholar": {
        "google_scholar_url": "https://scholar.google.com/citations?view_op=view_org&hl=ko&org=7143928649000768301",
        "homepage_url": null,
        "name": "Distinguished Professor at Simon Fraser University and Amazon Scholar"
    },
    "Professor of Computer Science, Johns Hopkins University": {
        "google_scholar_url": "https://scholar.google.com/citations?view_op=view_org&hl=ko&org=12129954330541958834",
        "homepage_url": null,
        "name": "Professor of Computer Science, Johns Hopkins University"
    },
    "Director, Research Scientist, Reality Labs Research, Meta": {
        "google_scholar_url": null,
        "homepage_url": null,
        "name": "Director, Research Scientist, Reality Labs Research, Meta"
    },
    "Professor of Computer Science, Princeton University": {
        "google_scholar_url": "https://scholar.google.com/citations?view_op=view_org&hl=ko&org=4836318610601440500",
        "homepage_url": null,
        "name": "Professor of Computer Science, Princeton University"
    },
    "Research Director, Director of CNR-ISTI": {
        "google_scholar_url": "https://scholar.google.com/citations?view_op=view_org&hl=ko&org=3780212860483781802",
        "homepage_url": null,
        "name": "Research Director, Director of CNR-ISTI"
    },
    "Professor of Robotics, Carnegie Mellon university": {
        "google_scholar_url": "https://scholar.google.com/citations?view_op=view_org&hl=ko&org=17554517495610703090",
        "homepage_url": null,
        "name": "Professor of Robotics, Carnegie Mellon university"
    },
    "Tencent": {
        "google_scholar_url": null,
        "homepage_url": null,
        "name": "Tencent"
    },
    "Researcher, Adobe": {
        "google_scholar_url": "https://scholar.google.com/citations?view_op=view_org&hl=ko&org=11521533430685536676",
        "homepage_url": null,
        "name": "Researcher, Adobe"
    },
    "Nanyang Technological University": {
        "google_scholar_url": "https://scholar.google.com/citations?view_op=view_org&hl=ko&org=3012140508424117850",
        "homepage_url": null,
        "name": "Nanyang Technological University"
    },
    "Professor of Computer Science, University of California at San Diego": {
        "google_scholar_url": "https://scholar.google.com/citations?view_op=view_org&hl=ko&org=7549334305653538480",
        "homepage_url": null,
        "name": "Professor of Computer Science, University of California at San Diego"
    },
    "Senior Researcher, Team Leader, Inria center at Université Côte d'Azur": {
        "google_scholar_url": null,
        "homepage_url": null,
        "name": "Senior Researcher, Team Leader, Inria center at Université Côte d'Azur"
    },
    "Professor of Computer Science, University of Tübingen": {
        "google_scholar_url": "https://scholar.google.com/citations?view_op=view_org&hl=ko&org=10007850905567235975",
        "homepage_url": null,
        "name": "Professor of Computer Science, University of Tübingen"
    },
    "Zhejiang University": {
        "google_scholar_url": "https://scholar.google.com/citations?view_op=view_org&hl=ko&org=1118375729466322660",
        "homepage_url": null,
        "name": "Zhejiang University"
    },
    "Associate Professor of Computer Science, UT Austin": {
        "google_scholar_url": "https://scholar.google.com/citations?view_op=view_org&hl=ko&org=14823011757688503605",
        "homepage_url": null,
        "name": "Associate Professor of Computer Science, UT Austin"
    },
    "Professor of Computer Science, Affiliate Professor of Applied Mathematics, Stony Brook": {
        "google_scholar_url": "https://scholar.google.com/citations?view_op=view_org&hl=ko&org=6543801266527645443",
        "homepage_url": null,
        "name": "Professor of Computer Science, Affiliate Professor of Applied Mathematics, Stony Brook"
    },
    "Professor of Computer Science, University of California Berkeley": {
        "google_scholar_url": "https://scholar.google.com/citations?view_op=view_org&hl=ko&org=11816294095661060495",
        "homepage_url": null,
        "name": "Professor of Computer Science, University of California Berkeley"
    },
    "Research Scientist at NVIDIA; Previously CS Ph.D. at Stanford": {
        "google_scholar_url": "https://scholar.google.com/citations?view_op=view_org&hl=ko&org=15729607608264555120",
        "homepage_url": null,
        "name": "Research Scientist at NVIDIA; Previously CS Ph.D. at Stanford"
    },
    "Peking University": {
        "google_scholar_url": "https://scholar.google.com/citations?view_op=view_org&hl=ko&org=10725744176602846184",
        "homepage_url": null,
        "name": "Peking University"
    },
    "Facebook AI": {
        "google_scholar_url": null,
        "homepage_url": null,
        "name": "Facebook AI"
    },
    "Gallogly Professor of ECE, Assoc. VPRP, University of Oklahoma": {
        "google_scholar_url": "https://scholar.google.com/citations?view_op=view_org&hl=ko&org=13284430813336568285",
        "homepage_url": null,
        "name": "Gallogly Professor of ECE, Assoc. VPRP, University of Oklahoma"
    },
    "Professor of Computer Science, Reichman University (the Interdisciplinary Center)": {
        "google_scholar_url": null,
        "homepage_url": null,
        "name": "Professor of Computer Science, Reichman University (the Interdisciplinary Center)"
    },
    "Professor of Computer Science, Bonn University": {
        "google_scholar_url": "https://scholar.google.com/citations?view_op=view_org&hl=ko&org=17689933455623107764",
        "homepage_url": null,
        "name": "Professor of Computer Science, Bonn University"
    },
    "Associate Professor of Computing Science at Simon Fraser University": {
        "google_scholar_url": "https://scholar.google.com/citations?view_op=view_org&hl=ko&org=7143928649000768301",
        "homepage_url": null,
        "name": "Associate Professor of Computing Science at Simon Fraser University"
    },
    "Laboratoire de recherche en informatique, Université Paris-Sud": {
        "google_scholar_url": "https://scholar.google.com/citations?view_op=view_org&hl=ko&org=1902191097879568909",
        "homepage_url": null,
        "name": "Laboratoire de recherche en informatique, Université Paris-Sud"
    },
    "Professor at Ecole Polytechnique": {
        "google_scholar_url": "https://scholar.google.com/citations?view_op=view_org&hl=ko&org=14929228556496480634",
        "homepage_url": null,
        "name": "Professor at Ecole Polytechnique"
    },
    "Professor & Director, Institute of Semiconductors, Chinese Academy of Sciences": {
        "google_scholar_url": "https://scholar.google.com/citations?view_op=view_org&hl=ko&org=8147012392656185468",
        "homepage_url": null,
        "name": "Professor & Director, Institute of Semiconductors, Chinese Academy of Sciences"
    },
    "Professor of Computer Science, Department of Computer Science, University of California. Davis": {
        "google_scholar_url": "https://scholar.google.com/citations?view_op=view_org&hl=ko&org=21288157106126462",
        "homepage_url": null,
        "name": "Professor of Computer Science, Department of Computer Science, University of California. Davis"
    },
    "Professor, Trinity College Dublin": {
        "google_scholar_url": "https://scholar.google.com/citations?view_op=view_org&hl=ko&org=3625276516933484551",
        "homepage_url": null,
        "name": "Professor, Trinity College Dublin"
    },
    "Professor of Computer Science, Warsaw University of Technology, Institute of Computer Science": {
        "google_scholar_url": "https://scholar.google.com/citations?view_op=view_org&hl=ko&org=1062001782293348189",
        "homepage_url": null,
        "name": "Professor of Computer Science, Warsaw University of Technology, Institute of Computer Science"
    },
    "Professor of Computer Science, Clemson University": {
        "google_scholar_url": "https://scholar.google.com/citations?view_op=view_org&hl=ko&org=294168457225078631",
        "homepage_url": null,
        "name": "Professor of Computer Science, Clemson University"
    },
    "Professor of Electrical & Computer Engineering, Technion": {
        "google_scholar_url": "https://scholar.google.com/citations?view_op=view_org&hl=ko&org=15559632040351204626",
        "homepage_url": null,
        "name": "Professor of Electrical & Computer Engineering, Technion"
    },
    "Stony Brook University": {
        "google_scholar_url": "https://scholar.google.com/citations?view_op=view_org&hl=ko&org=6543801266527645443",
        "homepage_url": null,
        "name": "Stony Brook University"
    },
    "Texas A&M University": {
        "google_scholar_url": "https://scholar.google.com/citations?view_op=view_org&hl=ko&org=8597344877261034358",
        "homepage_url": null,
        "name": "Texas A&M University"
    },
    "NVIDIA Research": {
        "google_scholar_url": null,
        "homepage_url": null,
        "name": "NVIDIA Research"
    },
    "Partner Researcher Manager, Microsoft Research Asia": {
        "google_scholar_url": null,
        "homepage_url": null,
        "name": "Partner Researcher Manager, Microsoft Research Asia"
    },
    "Professor of Computer Science, University of Konstanz ": {
        "google_scholar_url": "https://scholar.google.com/citations?view_op=view_org&hl=ko&org=16008520586621520646",
        "homepage_url": null,
        "name": "Professor of Computer Science, University of Konstanz "
    },
    "Professor of Computer Science, Cornell University": {
        "google_scholar_url": "https://scholar.google.com/citations?view_op=view_org&hl=ko&org=11049089957688874444",
        "homepage_url": null,
        "name": "Professor of Computer Science, Cornell University"
    },
    "Research Scientist at Google Research": {
        "google_scholar_url": "https://scholar.google.com/citations?view_op=view_org&hl=ko&org=6518679690484165796",
        "homepage_url": null,
        "name": "Research Scientist at Google Research"
    },
    "TU Wien": {
        "google_scholar_url": "https://scholar.google.com/citations?view_op=view_org&hl=ko&org=420762130641316784",
        "homepage_url": null,
        "name": "TU Wien"
    },
    "York University": {
        "google_scholar_url": "https://scholar.google.com/citations?view_op=view_org&hl=ko&org=14262926254231240007",
        "homepage_url": null,
        "name": "York University"
    },
    "Professor, Computer Science, University of British Columbia, Canada": {
        "google_scholar_url": "https://scholar.google.com/citations?view_op=view_org&hl=ko&org=13655899619131983200",
        "homepage_url": null,
        "name": "Professor, Computer Science, University of British Columbia, Canada"
    },
    "Research scientist at Google Research": {
        "google_scholar_url": "https://scholar.google.com/citations?view_op=view_org&hl=ko&org=6518679690484165796",
        "homepage_url": null,
        "name": "Research scientist at Google Research"
    },
    "Distinguished Professor and Dean, Ying Wu College of Computing, NJIT": {
        "google_scholar_url": "https://scholar.google.com/citations?view_op=view_org&hl=ko&org=3222048884122846369",
        "homepage_url": null,
        "name": "Distinguished Professor and Dean, Ying Wu College of Computing, NJIT"
    },
    "Adobe Systems Incorporated": {
        "google_scholar_url": "https://scholar.google.com/citations?view_op=view_org&hl=ko&org=11521533430685536676",
        "homepage_url": null,
        "name": "Adobe Systems Incorporated"
    },
    "Professor of Computer Science, Yale": {
        "google_scholar_url": "https://scholar.google.com/citations?view_op=view_org&hl=ko&org=3534443088967806588",
        "homepage_url": null,
        "name": "Professor of Computer Science, Yale"
    },
    "Professor of Computer Science, University of Maryland, College Park": {
        "google_scholar_url": "https://scholar.google.com/citations?view_op=view_org&hl=ko&org=2387997698019310735",
        "homepage_url": null,
        "name": "Professor of Computer Science, University of Maryland, College Park"
    },
    "University of New South Wales": {
        "google_scholar_url": "https://scholar.google.com/citations?view_op=view_org&hl=ko&org=4274056836244091944",
        "homepage_url": null,
        "name": "University of New South Wales"
    },
    "Cornell University": {
        "google_scholar_url": "https://scholar.google.com/citations?view_op=view_org&hl=ko&org=11049089957688874444",
        "homepage_url": null,
        "name": "Cornell University"
    },
    "Honorary Senior Fellow in Computer Science, University of Hull": {
        "google_scholar_url": "https://scholar.google.com/citations?view_op=view_org&hl=ko&org=8698751903882175078",
        "homepage_url": null,
        "name": "Honorary Senior Fellow in Computer Science, University of Hull"
    },
    "Senior Researcher, MPI Informatik": {
        "google_scholar_url": "https://scholar.google.com/citations?view_op=view_org&hl=ko&org=12535683263781636149",
        "homepage_url": null,
        "name": "Senior Researcher, MPI Informatik"
    },
    "University of Illinois": {
        "google_scholar_url": "https://scholar.google.com/citations?view_op=view_org&hl=ko&org=4497256714731484767",
        "homepage_url": null,
        "name": "University of Illinois"
    },
    "Professor of Computer Sciene, TU Dortmund University": {
        "google_scholar_url": "https://scholar.google.com/citations?view_op=view_org&hl=ko&org=5497375711675216526",
        "homepage_url": null,
        "name": "Professor of Computer Sciene, TU Dortmund University"
    },
    "Research Scientist, Google": {
        "google_scholar_url": "https://scholar.google.com/citations?view_op=view_org&hl=ko&org=6518679690484165796",
        "homepage_url": null,
        "name": "Research Scientist, Google"
    },
    "Assistant Professor, University of Maryland, College Park": {
        "google_scholar_url": "https://scholar.google.com/citations?view_op=view_org&hl=ko&org=2387997698019310735",
        "homepage_url": null,
        "name": "Assistant Professor, University of Maryland, College Park"
    },
    "Distinguished Research Scientist at NVIDIA, Professor in Computer Graphics, Lund University": {
        "google_scholar_url": "https://scholar.google.com/citations?view_op=view_org&hl=ko&org=11869288113056425402",
        "homepage_url": null,
        "name": "Distinguished Research Scientist at NVIDIA, Professor in Computer Graphics, Lund University"
    },
    "Senior Research Scientist, NVIDIA": {
        "google_scholar_url": "https://scholar.google.com/citations?view_op=view_org&hl=ko&org=15729607608264555120",
        "homepage_url": null,
        "name": "Senior Research Scientist, NVIDIA"
    },
    "Frederick W. Beinecke Professor of Computer Science, Yale University": {
        "google_scholar_url": "https://scholar.google.com/citations?view_op=view_org&hl=ko&org=3534443088967806588",
        "homepage_url": null,
        "name": "Frederick W. Beinecke Professor of Computer Science, Yale University"
    },
    "City University of Hong Kong": {
        "google_scholar_url": "https://scholar.google.com/citations?view_op=view_org&hl=ko&org=6442500540992846260",
        "homepage_url": null,
        "name": "City University of Hong Kong"
    },
    "Dean, College of Computer, Mathematical, and Natural Sciences,Professor of Computer Science": {
        "google_scholar_url": null,
        "homepage_url": null,
        "name": "Dean, College of Computer, Mathematical, and Natural Sciences,Professor of Computer Science"
    },
    "UNESCO Chair on AI&XR / INESC-ID / Tecnico Lisboa": {
        "google_scholar_url": null,
        "homepage_url": null,
        "name": "UNESCO Chair on AI&XR / INESC-ID / Tecnico Lisboa"
    },
    "Technical University of Munich": {
        "google_scholar_url": "https://scholar.google.com/citations?view_op=view_org&hl=ko&org=1384714062669582586",
        "homepage_url": null,
        "name": "Technical University of Munich"
    },
    "Professor and Tier 1 Canada Research Chair, University of British Columbia": {
        "google_scholar_url": "https://scholar.google.com/citations?view_op=view_org&hl=ko&org=13655899619131983200",
        "homepage_url": null,
        "name": "Professor and Tier 1 Canada Research Chair, University of British Columbia"
    },
    "Computer Science, University of Toronto": {
        "google_scholar_url": "https://scholar.google.com/citations?view_op=view_org&hl=ko&org=8515235176732148308",
        "homepage_url": null,
        "name": "Computer Science, University of Toronto"
    },
    "Computer Science Department, University of Freiburg": {
        "google_scholar_url": "https://scholar.google.com/citations?view_op=view_org&hl=ko&org=3300613556519769823",
        "homepage_url": null,
        "name": "Computer Science Department, University of Freiburg"
    },
    "University of Warsaw, Faculty of Chemistry": {
        "google_scholar_url": "https://scholar.google.com/citations?view_op=view_org&hl=ko&org=868529439005384517",
        "homepage_url": null,
        "name": "University of Warsaw, Faculty of Chemistry"
    },
    "Consultant": {
        "google_scholar_url": null,
        "homepage_url": null,
        "name": "Consultant"
    },
    "Professor of Computer Science, Binghamton University": {
        "google_scholar_url": "https://scholar.google.com/citations?view_op=view_org&hl=ko&org=18108530327369621178",
        "homepage_url": null,
        "name": "Professor of Computer Science, Binghamton University"
    },
    "Editor-in-Chief of IEEE TVCG; Professor of Computer Science and Engineering, Ohio State University": {
        "google_scholar_url": "https://scholar.google.com/citations?view_op=view_org&hl=ko&org=14771552348847877712",
        "homepage_url": null,
        "name": "Editor-in-Chief of IEEE TVCG; Professor of Computer Science and Engineering, Ohio State University"
    },
    "University of Science and Technology of China": {
        "google_scholar_url": "https://scholar.google.com/citations?view_op=view_org&hl=ko&org=8123924430127665534",
        "homepage_url": null,
        "name": "University of Science and Technology of China"
    },
    "Inria Sophia-Antipolis/GRAPHDECO": {
        "google_scholar_url": null,
        "homepage_url": null,
        "name": "Inria Sophia-Antipolis/GRAPHDECO"
    },
    "Associate Professor of Computer Science, University of Massachusetts Amherst": {
        "google_scholar_url": "https://scholar.google.com/citations?view_op=view_org&hl=ko&org=5975801905741339150",
        "homepage_url": null,
        "name": "Associate Professor of Computer Science, University of Massachusetts Amherst"
    },
    "National Laboratory of Pattern Recognition, Institute of Automation, Chinese Academy of Sciences": {
        "google_scholar_url": "https://scholar.google.com/citations?view_op=view_org&hl=ko&org=2751420617708739826",
        "homepage_url": null,
        "name": "National Laboratory of Pattern Recognition, Institute of Automation, Chinese Academy of Sciences"
    },
    "Professor for Computer Graphics, Saarland University & DFKI, Saarland Informatics Campus": {
        "google_scholar_url": "https://scholar.google.com/citations?view_op=view_org&hl=ko&org=16291183631252700780",
        "homepage_url": null,
        "name": "Professor for Computer Graphics, Saarland University & DFKI, Saarland Informatics Campus"
    },
    "Professor for 3D Graphics & Vision, TU Darmstadt": {
        "google_scholar_url": "https://scholar.google.com/citations?view_op=view_org&hl=ko&org=7850573633115918505",
        "homepage_url": null,
        "name": "Professor for 3D Graphics & Vision, TU Darmstadt"
    },
    "SketchX Lab, CVSSP, University of Surrey": {
        "google_scholar_url": "https://scholar.google.com/citations?view_op=view_org&hl=ko&org=5559442388202218053",
        "homepage_url": null,
        "name": "SketchX Lab, CVSSP, University of Surrey"
    }
}